{
  "success": true,
  "timestamp": "2025-08-20T23:22:29.437837",
  "algorithm_version": "intelligent_mapping_v2.2_monitored",
  "column_mapping": {
    "mappings": {
      "id": {
        "target_column": 0,
        "target_name": "序号",
        "confidence": 1.0
      },
      "负责人": {
        "target_column": 8,
        "target_name": "负责人",
        "confidence": 1.0
      },
      "部门": {
        "target_column": 1,
        "target_name": "项目类型",
        "confidence": 1.0
      },
      "状态": {
        "target_column": 13,
        "target_name": "完成进度",
        "confidence": 1.0
      },
      "工资": {
        "target_column": 11,
        "target_name": "重要程度",
        "confidence": 1.0
      }
    },
    "confidence_scores": {
      "id": 1.0,
      "负责人": 1.0,
      "部门": 1.0,
      "状态": 1.0,
      "工资": 1.0
    },
    "unmapped_columns": [],
    "coverage_rate": 1.0
  },
  "row_mapping": {
    "mappings": {
      "1": {
        "target_row": 20,
        "risk_level": "L3",
        "risk_score": 0.1,
        "change_count": 0
      },
      "2": {
        "target_row": 10,
        "risk_level": "L2",
        "risk_score": 0.72,
        "change_count": 2
      },
      "3": {
        "target_row": 11,
        "risk_level": "L2",
        "risk_score": 0.6,
        "change_count": 2
      },
      "4": {
        "target_row": 21,
        "risk_level": "L3",
        "risk_score": 0.2,
        "change_count": 1
      }
    },
    "distribution_strategy": "semantic_based",
    "total_source_rows": 4,
    "target_rows_used": 4
  },
  "heatmap_data": [
    [
      0.04999990000000001,
      0.04999990000000001,
      0.04999990000000001,
      0.04999990000000001,
      0.04999990000000001,
      0.04999990000000001,
      0.04999990000000001,
      0.04999990000000001,
      0.04999990000000001,
      0.04999990000000001,
      0.04999990000000001,
      0.04999990000000001,
      0.04999990000000001,
      0.04999990000000001,
      0.04999990000000001,
      0.04999990000000001,
      0.04999990000000001,
      0.04999990000000001,
      0.04999990000000001
    ],
    [
      0.04999990000000001,
      0.04999990000000001,
      0.04999990000000001,
      0.04999990000000001,
      0.04999990000000001,
      0.04999990000000001,
      0.04999990000000001,
      0.04999990000000001,
      0.04999990000000001,
      0.04999990000000001,
      0.04999990000000001,
      0.04999990000000001,
      0.04999990000000001,
      0.04999990000000001,
      0.04999990000000001,
      0.04999990000000001,
      0.04999990000000001,
      0.04999990000000001,
      0.04999990000000001
    ],
    [
      0.04999990000000001,
      0.04999990000000001,
      0.04999990000000001,
      0.04999990000000001,
      0.04999990000000001,
      0.04999990000000001,
      0.04999990000000001,
      0.04999990000000001,
      0.04999990000000001,
      0.04999990000000001,
      0.04999990000000001,
      0.04999990000000001,
      0.04999990000000001,
      0.04999990000000001,
      0.04999990000000001,
      0.04999990000000001,
      0.04999990000000001,
      0.04999990000000001,
      0.04999990000000001
    ],
    [
      0.04999990000000001,
      0.04999990000000001,
      0.04999990000000001,
      0.04999990000000001,
      0.04999990000000001,
      0.04999990000000001,
      0.04999990000000001,
      0.04999990000000001,
      0.04999990000000001,
      0.04999990000000001,
      0.04999990000000001,
      0.04999990000000001,
      0.04999990000000001,
      0.04999990000000001,
      0.04999990000000001,
      0.04999990000000001,
      0.04999990000000001,
      0.04999990000000001,
      0.04999990000000001
    ],
    [
      0.04999990000000001,
      0.04999990000000001,
      0.04999990000000001,
      0.04999990000000001,
      0.04999990000000001,
      0.04999990000000001,
      0.04999990000000001,
      0.04999990000000001,
      0.04999990000000001,
      0.04999990000000001,
      0.04999990000000001,
      0.04999990000000001,
      0.04999990000000001,
      0.04999990000000001,
      0.04999990000000001,
      0.04999990000000001,
      0.04999990000000001,
      0.04999990000000001,
      0.04999990000000001
    ],
    [
      0.04999990000000001,
      0.04999990000000001,
      0.04999990000000001,
      0.04999990000000001,
      0.04999990000000001,
      0.04999990000000001,
      0.04999990000000001,
      0.04999990000000001,
      0.04999990000000001,
      0.04999990000000001,
      0.04999990000000001,
      0.04999990000000001,
      0.04999990000000001,
      0.04999990000000001,
      0.04999990000000001,
      0.04999990000000001,
      0.04999990000000001,
      0.04999990000000001,
      0.04999990000000001
    ],
    [
      0.04999990000000001,
      0.04999990000000001,
      0.04999990000000001,
      0.04999990000000001,
      0.05006770588125768,
      0.05040602305151426,
      0.05114332504545687,
      0.05195673123553927,
      0.05231637552770127,
      0.05195673123553927,
      0.05114332504545687,
      0.05040602305151426,
      0.05006770588125768,
      0.04999990000000001,
      0.04999990000000001,
      0.04999990000000001,
      0.04999990000000001,
      0.04999990000000001,
      0.04999990000000001
    ],
    [
      0.05214951090233095,
      0.05216992473365287,
      0.05176664725684996,
      0.05101472231441272,
      0.05075927314467206,
      0.05254264049159359,
      0.057246134481864525,
      0.06285542469585444,
      0.06548260131056821,
      0.06301054269585443,
      0.057919465123106986,
      0.05368272569320737,
      0.05136950764137898,
      0.05037261535129364,
      0.050054447841242466,
      0.04999990000000001,
      0.04999990000000001,
      0.04999990000000001,
      0.04999990000000001
    ],
    [
      0.06433788308971171,
      0.06471332867823451,
      0.06178553398728373,
      0.05654394055026286,
      0.05334650319926044,
      0.057599384575022325,
      0.0733988100763624,
      0.09600430692903236,
      0.10822793268418932,
      0.09757939972903237,
      0.08005472582765603,
      0.06884138503233421,
      0.060455112242024274,
      0.05425961670176335,
      0.05133609994115836,
      0.05037261535129364,
      0.050054447841242466,
      0.04999990000000001,
      0.04999990000000001
    ],
    [
      0.10132020004884335,
      0.10605702072355933,
      0.09291644006282587,
      0.07153311164541365,
      0.058500771785802125,
      0.06387024701026714,
      0.09600430692903238,
      0.14860012447281848,
      0.17948148977489684,
      0.15355029887281849,
      0.11686950871889708,
      0.10017339925117938,
      0.0854278206968128,
      0.07085238990579465,
      0.05975695914518967,
      0.05306178895046971,
      0.05037261535129364,
      0.04999990000000001,
      0.04999990000000001
    ],
    [
      0.15958407645991265,
      0.17551943384560093,
      0.14299369927519684,
      0.09291644006282586,
      0.064102009514985,
      0.06724934856741818,
      0.10822793268418933,
      0.1794814897748968,
      0.2225349068594739,
      0.18676222337489679,
      0.1391422178767254,
      0.12390413401233158,
      0.1139481203039981,
      0.10008648340838193,
      0.07805070349238072,
      0.059011071906618584,
      0.051017932431107194,
      0.04999990000000001,
      0.04999990000000001
    ],
    [
      0.1934687081017886,
      0.2175603794809813,
      0.17254820851736818,
      0.10457599668350068,
      0.06622937856446945,
      0.06496028328141897,
      0.09600430692903238,
      0.14860012447281853,
      0.17948148977489678,
      0.1535502988728185,
      0.11762206452156848,
      0.10888101059761778,
      0.11398586868331623,
      0.11406762780270276,
      0.08985832710318599,
      0.06292682870093941,
      0.051415325102587284,
      0.04999990000000001,
      0.04999990000000001
    ],
    [
      0.15958407645991274,
      0.17551943384560095,
      0.14299369927519684,
      0.09291644006282586,
