{
  "success": true,
  "timestamp": "2025-08-20T20:12:05.767415",
  "algorithm_version": "intelligent_mapping_v1.0",
  "column_mapping": {
    "mappings": {
      "id": {
        "target_column": 0,
        "target_name": "序号",
        "confidence": 1.0
      },
      "负责人": {
        "target_column": 8,
        "target_name": "负责人",
        "confidence": 1.0
      },
      "状态": {
        "target_column": 13,
        "target_name": "完成进度",
        "confidence": 1.0
      }
    },
    "confidence_scores": {
      "id": 1.0,
      "负责人": 1.0,
      "状态": 1.0
    },
    "unmapped_columns": [
      "部门",
      "工资"
    ],
    "coverage_rate": 0.6
  },
  "row_mapping": {
    "mappings": {
      "1": {
        "target_row": 20,
        "risk_level": "L3",
        "risk_score": 0.1,
        "change_count": 0
      },
      "2": {
        "target_row": 10,
        "risk_level": "L2",
        "risk_score": 0.72,
        "change_count": 2
      },
      "3": {
        "target_row": 21,
        "risk_level": "L3",
        "risk_score": 0.2,
        "change_count": 1
      }
    },
    "distribution_strategy": "semantic_based",
    "total_source_rows": 3,
    "target_rows_used": 3
  },
  "heatmap_data": [
    [
      0.04999990000000001,
      0.04999990000000001,
      0.04999990000000001,
      0.04999990000000001,
      0.04999990000000001,
      0.04999990000000001,
      0.04999990000000001,
      0.04999990000000001,
      0.04999990000000001,
      0.04999990000000001,
      0.04999990000000001,
      0.04999990000000001,
      0.04999990000000001,
      0.04999990000000001,
      0.04999990000000001,
      0.04999990000000001,
      0.04999990000000001,
      0.04999990000000001,
      0.04999990000000001
    ],
    [
      0.04999990000000001,
      0.04999990000000001,
      0.04999990000000001,
      0.04999990000000001,
      0.04999990000000001,
      0.04999990000000001,
      0.04999990000000001,
      0.04999990000000001,
      0.04999990000000001,
      0.04999990000000001,
      0.04999990000000001,
      0.04999990000000001,
      0.04999990000000001,
      0.04999990000000001,
      0.04999990000000001,
      0.04999990000000001,
      0.04999990000000001,
      0.04999990000000001,
      0.04999990000000001
    ],
    [
      0.04999990000000001,
      0.04999990000000001,
      0.04999990000000001,
      0.04999990000000001,
      0.04999990000000001,
      0.04999990000000001,
      0.04999990000000001,
      0.04999990000000001,
      0.04999990000000001,
      0.04999990000000001,
      0.04999990000000001,
      0.04999990000000001,
      0.04999990000000001,
      0.04999990000000001,
      0.04999990000000001,
      0.04999990000000001,
      0.04999990000000001,
      0.04999990000000001,
      0.04999990000000001
    ],
    [
      0.04999990000000001,
      0.04999990000000001,
      0.04999990000000001,
      0.04999990000000001,
      0.04999990000000001,
      0.04999990000000001,
      0.04999990000000001,
      0.04999990000000001,
      0.04999990000000001,
      0.04999990000000001,
      0.04999990000000001,
      0.04999990000000001,
      0.04999990000000001,
      0.04999990000000001,
      0.04999990000000001,
      0.04999990000000001,
      0.04999990000000001,
      0.04999990000000001,
      0.04999990000000001
    ],
    [
      0.04999990000000001,
      0.04999990000000001,
      0.04999990000000001,
      0.04999990000000001,
      0.04999990000000001,
      0.04999990000000001,
      0.04999990000000001,
      0.04999990000000001,
      0.04999990000000001,
      0.04999990000000001,
      0.04999990000000001,
      0.04999990000000001,
      0.04999990000000001,
      0.04999990000000001,
      0.04999990000000001,
      0.04999990000000001,
      0.04999990000000001,
      0.04999990000000001,
      0.04999990000000001
    ],
    [
      0.04999990000000001,
      0.04999990000000001,
      0.04999990000000001,
      0.04999990000000001,
      0.04999990000000001,
      0.04999990000000001,
      0.04999990000000001,
      0.04999990000000001,
      0.04999990000000001,
      0.04999990000000001,
      0.04999990000000001,
      0.04999990000000001,
      0.04999990000000001,
      0.04999990000000001,
      0.04999990000000001,
      0.04999990000000001,
      0.04999990000000001,
      0.04999990000000001,
      0.04999990000000001
    ],
    [
      0.04999990000000001,
      0.04999990000000001,
      0.04999990000000001,
      0.04999990000000001,
      0.05009917375936608,
      0.05057135595304159,
      0.05154546374411876,
      0.05255112081969475,
      0.05297809834676374,
      0.05255112081969475,
      0.05154546374411876,
      0.05057135595304159,
      0.05009917375936608,
      0.04999990000000001,
      0.04999990000000001,
      0.04999990000000001,
      0.04999990000000001,
      0.04999990000000001,
      0.04999990000000001
    ],
    [
      0.04999990000000001,
      0.04999990000000001,
      0.04999990000000001,
      0.04999990000000001,
      0.05057135595304159,
      0.05336614394600417,
      0.0594418837600475,
      0.06620095595916281,
      0.06926642090394436,
      0.06620095595916281,
      0.0594418837600475,
      0.05336614394600417,
      0.05057135595304159,
      0.04999990000000001,
      0.04999990000000001,
      0.04999990000000001,
      0.04999990000000001,
      0.04999990000000001,
      0.04999990000000001
    ],
    [
      0.04999990000000001,
      0.04999990000000001,
      0.04999990000000001,
      0.04999990000000001,
      0.05154546374411876,
      0.0594418837600475,
      0.0792328194556783,
      0.1056600176059004,
      0.1196474785911047,
      0.10566001760590037,
      0.0792328194556783,
      0.0594418837600475,
      0.05154546374411876,
      0.04999990000000001,
      0.04999990000000001,
      0.04999990000000001,
      0.04999990000000001,
      0.04999990000000001,
      0.04999990000000001
    ],
    [
      0.04999990000000001,
      0.04999990000000001,
      0.04999990000000001,
      0.04999990000000001,
      0.052551120819694756,
      0.06620095595916281,
      0.1056600176059004,
      0.1661313270749054,
      0.20116175021510566,
      0.16613132707490538,
      0.1056600176059004,
      0.06620095595916281,
      0.052551120819694756,
      0.04999990000000001,
      0.04999990000000001,
      0.04999990000000001,
      0.04999990000000001,
      0.04999990000000001,
      0.04999990000000001
    ],
    [
      0.04999990000000001,
      0.04999990000000001,
      0.04999990000000001,
      0.04999990000000001,
      0.052978098346763744,
      0.06926642090394436,
      0.11964747859110468,
      0.20116175021510568,
      0.24988323914351418,
      0.20116175021510568,
      0.11964747859110468,
      0.06926642090394437,
      0.052978098346763744,
      0.04999990000000001,
      0.04999990000000001,
      0.04999990000000001,
      0.04999990000000001,
      0.04999990000000001,
      0.04999990000000001
    ],
    [
      0.04999990000000001,
      0.04999990000000001,
      0.04999990000000001,
      0.04999990000000001,
      0.052551120819694756,
      0.06620095595916282,
      0.10566001760590038,
      0.1661313270749054,
      0.20116175021510568,
      0.1661313270749054,
      0.10566001760590038,
      0.06620095595916281,
      0.052551120819694756,
      0.04999990000000001,
      0.04999990000000001,
      0.04999990000000001,
      0.04999990000000001,
      0.04999990000000001,
      0.04999990000000001
    ],
    [
      0.04999990000000001,
      0.04999990000000001,
      0.04999990000000001,
      0.04999990000000001,
      0.05154546374411876,
      0.0594418837600475,
      0.0792328194556783,
      0.10566001760590038,
      0.11964747859110468,
      0.10566001760590038,
      0.0792328194556783,
      0.059441883760047505,
      0.05154546374411876,
      0.04999990000000001,
      0.04999990000000001,
      0.04999990000000001,
      0.04999990000000001,
      0.04999990000000001,
